<?xml version="1.0" encoding="UTF-8" ?>
<!DOCTYPE mapper PUBLIC "-//ibatis.apache.org//DTD Mapper 3.0//EN"
"http://ibatis.apache.org/dtd/ibatis-3-mapper.dtd">


<mapper namespace="com.htffund.etrade.demo.dao.CustinfoMapper">
  <cache />
  
	<resultMap id="RM_Custinfo" type="com.htffund.etrade.demo.model.Custinfo">
        <result property="custno" column="CUSTNO"/>
        <result property="invtp" column="INVTP"/>
        <result property="invnm" column="INVNM"/>
        <result property="idtp" column="IDTP"/>
        <result property="idno" column="IDNO"/>
        <result property="mobileno" column="MOBILENO"/>
        <result property="email" column="EMAIL"/>
        <result property="custst" column="CUSTST"/>
        <result property="passwd" column="PASSWD"/>
        <result property="logintime" column="LOGINTIME"/>
        <result property="logincount" column="LOGINCOUNT"/>
        <result property="passwderr" column="PASSWDERR"/>
        <result property="opendt" column="OPENDT"/>
        <result property="updatetimestamp" column="UPDATETIMESTAMP"/>
        <result property="custid" column="CUSTID"/>
        <result property="tradepwd" column="TRADEPWD"/>
	</resultMap>
	
	<!-- 用于select查询公用抽取的列 -->
	<sql id="baseColumnList">
	    <![CDATA[
		  CUSTNO,INVTP,INVNM,IDTP,IDNO,MOBILENO,EMAIL,CUSTST,PASSWD,LOGINTIME,LOGINCOUNT,PASSWDERR,OPENDT,UPDATETIMESTAMP,CUSTID,TRADEPWD
	    ]]>
	</sql>
	
	<!-- 查询所有的数据,仅限个别table使用,大数据量请勿使用该查询-->
  <select id="listAll"  resultMap="RM_Custinfo">
    SELECT
       <include refid="baseColumnList" />
    FROM CUSTINFO
  </select>
  
  <!-- 分页查询 -->
  <select id="pageList"   resultMap="RM_Custinfo">
    SELECT
         <include refid="baseColumnList" />
    FROM CUSTINFO
    <where>	      				
	       <if test="custno!=null and custno!='' ">
				  AND CUSTNO = #{custno}
			   </if>
	       <if test="invtp!=null and invtp!='' ">
				  AND INVTP = #{invtp}
			   </if>
	       <if test="invnm!=null and invnm!='' ">
				  AND INVNM = #{invnm}
			   </if>
	       <if test="idtp!=null and idtp!='' ">
				  AND IDTP = #{idtp}
			   </if>
	       <if test="idno!=null and idno!='' ">
				  AND IDNO = #{idno}
			   </if>
	       <if test="mobileno!=null and mobileno!='' ">
				  AND MOBILENO = #{mobileno}
			   </if>
	       <if test="email!=null and email!='' ">
				  AND EMAIL = #{email}
			   </if>
	       <if test="custst!=null and custst!='' ">
				  AND CUSTST = #{custst}
			   </if>
	       <if test="passwd!=null and passwd!='' ">
				  AND PASSWD = #{passwd}
			   </if>
	        <if test="logintimeBegin != null and logintimeBegin !='' ">
				   AND LOGINTIME >= to_date(#{logintimeBegin},'yyyy-mm-dd')
		     </if>
		     <if test="logintimeEnd != null and logintimeEnd !='' ">
				  AND LOGINTIME &lt;= to_date(#{logintimeEnd},'yyyy-mm-dd')
		     </if>
	       <if test="logincount!=null and logincount!='' ">
				  AND LOGINCOUNT = #{logincount}
			   </if>
	       <if test="passwderr!=null and passwderr!='' ">
				  AND PASSWDERR = #{passwderr}
			   </if>
	       <if test="opendt!=null and opendt!='' ">
				  AND OPENDT = #{opendt}
			   </if>
	        <if test="updatetimestampBegin != null and updatetimestampBegin !='' ">
				   AND UPDATETIMESTAMP >= to_date(#{updatetimestampBegin},'yyyy-mm-dd')
		     </if>
		     <if test="updatetimestampEnd != null and updatetimestampEnd !='' ">
				  AND UPDATETIMESTAMP &lt;= to_date(#{updatetimestampEnd},'yyyy-mm-dd')
		     </if>
	       <if test="custid!=null and custid!='' ">
				  AND CUSTID = #{custid}
			   </if>
	       <if test="tradepwd!=null and tradepwd!='' ">
				  AND TRADEPWD = #{tradepwd}
			   </if>
		</where>
  </select>
  
  <!-- 根据主键查找 -->
  <select id="getById" parameterType="string" resultMap="RM_Custinfo">
    SELECT
          <include refid="baseColumnList" />
    FROM CUSTINFO
    WHERE 
	        CUSTNO = #{custno} 
  </select>
  
  <!-- 插入记录 -->
	<insert id="save" parameterType="com.htffund.etrade.demo.model.Custinfo" useGeneratedKeys="false" keyProperty="custno">
    <![CDATA[
        INSERT INTO CUSTINFO (
        	CUSTNO ,
        	INVTP ,
        	INVNM ,
        	IDTP ,
        	IDNO ,
        	MOBILENO ,
        	EMAIL ,
        	CUSTST ,
        	PASSWD ,
        	LOGINTIME ,
        	LOGINCOUNT ,
        	PASSWDERR ,
        	OPENDT ,
        	UPDATETIMESTAMP ,
        	CUSTID ,
        	TRADEPWD 
        ) VALUES (
        	#{custno, jdbcType=CHAR} ,
        	#{invtp, jdbcType=CHAR} ,
        	#{invnm, jdbcType=VARCHAR} ,
        	#{idtp, jdbcType=CHAR} ,
        	#{idno, jdbcType=VARCHAR} ,
        	#{mobileno, jdbcType=VARCHAR} ,
        	#{email, jdbcType=VARCHAR} ,
        	#{custst, jdbcType=CHAR} ,
        	#{passwd, jdbcType=VARCHAR} ,
        	#{logintime, jdbcType=DATE} ,
        	#{logincount, jdbcType=DECIMAL} ,
        	#{passwderr, jdbcType=DECIMAL} ,
        	#{opendt, jdbcType=CHAR} ,
        	#{updatetimestamp, jdbcType=TIMESTAMP} ,
        	#{custid, jdbcType=DECIMAL} ,
        	#{tradepwd, jdbcType=VARCHAR} 
        )
    ]]>
	</insert>
	
  <!--更新记录-->  
	<update id="update" parameterType="com.htffund.etrade.demo.model.Custinfo">
    <![CDATA[
        UPDATE CUSTINFO 
        SET
	        INVTP = #{invtp, jdbcType=CHAR} ,
	        INVNM = #{invnm, jdbcType=VARCHAR} ,
	        IDTP = #{idtp, jdbcType=CHAR} ,
	        IDNO = #{idno, jdbcType=VARCHAR} ,
	        MOBILENO = #{mobileno, jdbcType=VARCHAR} ,
	        EMAIL = #{email, jdbcType=VARCHAR} ,
	        CUSTST = #{custst, jdbcType=CHAR} ,
	        PASSWD = #{passwd, jdbcType=VARCHAR} ,
	        LOGINTIME = #{logintime, jdbcType=DATE} ,
	        LOGINCOUNT = #{logincount, jdbcType=DECIMAL} ,
	        PASSWDERR = #{passwderr, jdbcType=DECIMAL} ,
	        OPENDT = #{opendt, jdbcType=CHAR} ,
	        UPDATETIMESTAMP = #{updatetimestamp, jdbcType=TIMESTAMP} ,
	        CUSTID = #{custid, jdbcType=DECIMAL} ,
	        TRADEPWD = #{tradepwd, jdbcType=VARCHAR} 
        WHERE 
	        CUSTNO = #{custno} 
    ]]>
	</update>
	
  <!--根据主键删除记录-->
  <delete id="delete" parameterType="com.htffund.etrade.demo.model.Custinfo">
    <![CDATA[
        DELETE FROM CUSTINFO 
        WHERE
	        CUSTNO = #{custno} 
    ]]>
  </delete>
  
   <!-- 根据客户ID查找 -->
  <select id="getByCustid" parameterType="java.math.BigDecimal" resultMap="RM_Custinfo">
    SELECT
          <include refid="baseColumnList" />
    FROM CUSTINFO
    WHERE 
	       CUSTID = #{custid} 
  </select>
</mapper>

